--------------------------------------------------------
--  File created - Thursday-January-17-2019   
--------------------------------------------------------
--------------------------------------------------------
--  DDL for Table AUTOR
--------------------------------------------------------

  CREATE TABLE "MYLIBRARY"."AUTOR" 
   (	"NR_LEG" VARCHAR2(20 BYTE), 
	"ID_AUTOR" NUMBER(20,0)
   ) SEGMENT CREATION IMMEDIATE 
  PCTFREE 10 PCTUSED 40 INITRANS 1 MAXTRANS 255 NOCOMPRESS LOGGING
  STORAGE(INITIAL 65536 NEXT 1048576 MINEXTENTS 1 MAXEXTENTS 2147483645
  PCTINCREASE 0 FREELISTS 1 FREELIST GROUPS 1 BUFFER_POOL DEFAULT FLASH_CACHE DEFAULT CELL_FLASH_CACHE DEFAULT)
  TABLESPACE "USERS" ;
--------------------------------------------------------
--  DDL for Table CARTE
--------------------------------------------------------

  CREATE TABLE "MYLIBRARY"."CARTE" 
   (	"ID_CATEG" NUMBER(20,0), 
	"ISBN" VARCHAR2(40 BYTE), 
	"TITLU" VARCHAR2(60 BYTE), 
	"DATA_PUB" DATE, 
	"PRET" NUMBER(20,0)
   ) SEGMENT CREATION IMMEDIATE 
  PCTFREE 10 PCTUSED 40 INITRANS 1 MAXTRANS 255 NOCOMPRESS LOGGING
  STORAGE(INITIAL 65536 NEXT 1048576 MINEXTENTS 1 MAXEXTENTS 2147483645
  PCTINCREASE 0 FREELISTS 1 FREELIST GROUPS 1 BUFFER_POOL DEFAULT FLASH_CACHE DEFAULT CELL_FLASH_CACHE DEFAULT)
  TABLESPACE "USERS" ;
--------------------------------------------------------
--  DDL for Table CATEGORIE
--------------------------------------------------------

  CREATE TABLE "MYLIBRARY"."CATEGORIE" 
   (	"ID_CATEG" NUMBER(20,0), 
	"NUME_CATEG" VARCHAR2(60 BYTE)
   ) SEGMENT CREATION IMMEDIATE 
  PCTFREE 10 PCTUSED 40 INITRANS 1 MAXTRANS 255 NOCOMPRESS LOGGING
  STORAGE(INITIAL 65536 NEXT 1048576 MINEXTENTS 1 MAXEXTENTS 2147483645
  PCTINCREASE 0 FREELISTS 1 FREELIST GROUPS 1 BUFFER_POOL DEFAULT FLASH_CACHE DEFAULT CELL_FLASH_CACHE DEFAULT)
  TABLESPACE "USERS" ;
--------------------------------------------------------
--  DDL for Table CLIENT
--------------------------------------------------------

  CREATE TABLE "MYLIBRARY"."CLIENT" 
   (	"NR_LEG" VARCHAR2(20 BYTE), 
	"COD_CLIENT" NUMBER(20,0), 
	"TEL" NUMBER(20,0), 
	"EMAIL" VARCHAR2(40 BYTE)
   ) SEGMENT CREATION IMMEDIATE 
  PCTFREE 10 PCTUSED 40 INITRANS 1 MAXTRANS 255 NOCOMPRESS LOGGING
  STORAGE(INITIAL 65536 NEXT 1048576 MINEXTENTS 1 MAXEXTENTS 2147483645
  PCTINCREASE 0 FREELISTS 1 FREELIST GROUPS 1 BUFFER_POOL DEFAULT FLASH_CACHE DEFAULT CELL_FLASH_CACHE DEFAULT)
  TABLESPACE "USERS" ;
--------------------------------------------------------
--  DDL for Table COMANDA
--------------------------------------------------------

  CREATE TABLE "MYLIBRARY"."COMANDA" 
   (	"COD_CLIENT" NUMBER(20,0), 
	"NR_COMANDA" VARCHAR2(20 BYTE), 
	"NR_CARTI" NUMBER(20,0), 
	"SUMA_TOTALA" NUMBER(30,0)
   ) SEGMENT CREATION IMMEDIATE 
  PCTFREE 10 PCTUSED 40 INITRANS 1 MAXTRANS 255 NOCOMPRESS LOGGING
  STORAGE(INITIAL 65536 NEXT 1048576 MINEXTENTS 1 MAXEXTENTS 2147483645
  PCTINCREASE 0 FREELISTS 1 FREELIST GROUPS 1 BUFFER_POOL DEFAULT FLASH_CACHE DEFAULT CELL_FLASH_CACHE DEFAULT)
  TABLESPACE "USERS" ;
--------------------------------------------------------
--  DDL for Table FINALIZARE_COMANDA
--------------------------------------------------------

  CREATE TABLE "MYLIBRARY"."FINALIZARE_COMANDA" 
   (	"ISBN" VARCHAR2(40 BYTE), 
	"NR_COMANDA" NUMBER(20,0), 
	"DATA_ACHIZITIE" DATE, 
	"TOTAL" NUMBER(20,0)
   ) SEGMENT CREATION IMMEDIATE 
  PCTFREE 10 PCTUSED 40 INITRANS 1 MAXTRANS 255 NOCOMPRESS LOGGING
  STORAGE(INITIAL 65536 NEXT 1048576 MINEXTENTS 1 MAXEXTENTS 2147483645
  PCTINCREASE 0 FREELISTS 1 FREELIST GROUPS 1 BUFFER_POOL DEFAULT FLASH_CACHE DEFAULT CELL_FLASH_CACHE DEFAULT)
  TABLESPACE "USERS" ;
--------------------------------------------------------
--  DDL for Table LIBRARIE
--------------------------------------------------------

  CREATE TABLE "MYLIBRARY"."LIBRARIE" 
   (	"ADRESA_LIB" VARCHAR2(100 BYTE), 
	"NUME_LIB" VARCHAR2(50 BYTE)
   ) SEGMENT CREATION IMMEDIATE 
  PCTFREE 10 PCTUSED 40 INITRANS 1 MAXTRANS 255 NOCOMPRESS LOGGING
  STORAGE(INITIAL 65536 NEXT 1048576 MINEXTENTS 1 MAXEXTENTS 2147483645
  PCTINCREASE 0 FREELISTS 1 FREELIST GROUPS 1 BUFFER_POOL DEFAULT FLASH_CACHE DEFAULT CELL_FLASH_CACHE DEFAULT)
  TABLESPACE "USERS" ;
--------------------------------------------------------
--  DDL for Table PERSOANA
--------------------------------------------------------

  CREATE TABLE "MYLIBRARY"."PERSOANA" 
   (	"NR_LEG" VARCHAR2(20 BYTE), 
	"CNP" NUMBER(14,0), 
	"NUME" VARCHAR2(40 BYTE), 
	"PRENUME" VARCHAR2(40 BYTE), 
	"ADRESA" VARCHAR2(100 BYTE)
   ) SEGMENT CREATION IMMEDIATE 
  PCTFREE 10 PCTUSED 40 INITRANS 1 MAXTRANS 255 NOCOMPRESS LOGGING
  STORAGE(INITIAL 65536 NEXT 1048576 MINEXTENTS 1 MAXEXTENTS 2147483645
  PCTINCREASE 0 FREELISTS 1 FREELIST GROUPS 1 BUFFER_POOL DEFAULT FLASH_CACHE DEFAULT CELL_FLASH_CACHE DEFAULT)
  TABLESPACE "USERS" ;
--------------------------------------------------------
--  DDL for Table PUBLICARE_CARTE
--------------------------------------------------------

  CREATE TABLE "MYLIBRARY"."PUBLICARE_CARTE" 
   (	"ISBN" VARCHAR2(40 BYTE), 
	"ID_AUTOR" NUMBER(20,0)
   ) SEGMENT CREATION IMMEDIATE 
  PCTFREE 10 PCTUSED 40 INITRANS 1 MAXTRANS 255 NOCOMPRESS LOGGING
  STORAGE(INITIAL 65536 NEXT 1048576 MINEXTENTS 1 MAXEXTENTS 2147483645
  PCTINCREASE 0 FREELISTS 1 FREELIST GROUPS 1 BUFFER_POOL DEFAULT FLASH_CACHE DEFAULT CELL_FLASH_CACHE DEFAULT)
  TABLESPACE "USERS" ;
--------------------------------------------------------
--  DDL for Table STOC
--------------------------------------------------------

  CREATE TABLE "MYLIBRARY"."STOC" 
   (	"ADRESA_LIB" VARCHAR2(100 BYTE), 
	"ISBN" VARCHAR2(40 BYTE), 
	"STOC" NUMBER(20,0), 
	"DATA__VERIFICARE" DATE
   ) SEGMENT CREATION IMMEDIATE 
  PCTFREE 10 PCTUSED 40 INITRANS 1 MAXTRANS 255 NOCOMPRESS LOGGING
  STORAGE(INITIAL 65536 NEXT 1048576 MINEXTENTS 1 MAXEXTENTS 2147483645
  PCTINCREASE 0 FREELISTS 1 FREELIST GROUPS 1 BUFFER_POOL DEFAULT FLASH_CACHE DEFAULT CELL_FLASH_CACHE DEFAULT)
  TABLESPACE "USERS" ;
REM INSERTING into MYLIBRARY.AUTOR
Insert into MYLIBRARY.AUTOR (NR_LEG,ID_AUTOR) values ('100400',10);
Insert into MYLIBRARY.AUTOR (NR_LEG,ID_AUTOR) values ('100401',11);
Insert into MYLIBRARY.AUTOR (NR_LEG,ID_AUTOR) values ('100402',12);
Insert into MYLIBRARY.AUTOR (NR_LEG,ID_AUTOR) values ('100403',13);
Insert into MYLIBRARY.AUTOR (NR_LEG,ID_AUTOR) values ('100404',14);
Insert into MYLIBRARY.AUTOR (NR_LEG,ID_AUTOR) values ('100405',15);
Insert into MYLIBRARY.AUTOR (NR_LEG,ID_AUTOR) values ('100406',16);
Insert into MYLIBRARY.AUTOR (NR_LEG,ID_AUTOR) values ('100407',17);
Insert into MYLIBRARY.AUTOR (NR_LEG,ID_AUTOR) values ('100408',18);
Insert into MYLIBRARY.AUTOR (NR_LEG,ID_AUTOR) values ('100409',19);
Insert into MYLIBRARY.AUTOR (NR_LEG,ID_AUTOR) values ('100420',20);
Insert into MYLIBRARY.AUTOR (NR_LEG,ID_AUTOR) values ('100421',21);
Insert into MYLIBRARY.AUTOR (NR_LEG,ID_AUTOR) values ('100422',22);
Insert into MYLIBRARY.AUTOR (NR_LEG,ID_AUTOR) values ('100423',23);
Insert into MYLIBRARY.AUTOR (NR_LEG,ID_AUTOR) values ('100424',24);
Insert into MYLIBRARY.AUTOR (NR_LEG,ID_AUTOR) values ('100425',25);
Insert into MYLIBRARY.AUTOR (NR_LEG,ID_AUTOR) values ('100426',26);
Insert into MYLIBRARY.AUTOR (NR_LEG,ID_AUTOR) values ('100427',27);
Insert into MYLIBRARY.AUTOR (NR_LEG,ID_AUTOR) values ('100428',28);
Insert into MYLIBRARY.AUTOR (NR_LEG,ID_AUTOR) values ('100429',29);
REM INSERTING into MYLIBRARY.CARTE
Insert into MYLIBRARY.CARTE (ID_CATEG,ISBN,TITLU,DATA_PUB,PRET) values (1,'978123456789712345','Oracle Database',to_date('12-JAN-10','DD-MON-RR'),11);
Insert into MYLIBRARY.CARTE (ID_CATEG,ISBN,TITLU,DATA_PUB,PRET) values (2,'978123456789712346','Truth of Flames',to_date('10-NOV-11','DD-MON-RR'),14);
Insert into MYLIBRARY.CARTE (ID_CATEG,ISBN,TITLU,DATA_PUB,PRET) values (3,'978123456789712347','Wild Sorcerer',to_date('21-NOV-11','DD-MON-RR'),31);
Insert into MYLIBRARY.CARTE (ID_CATEG,ISBN,TITLU,DATA_PUB,PRET) values (4,'978123456789712348','The Secret''s Sword',to_date('10-AUG-11','DD-MON-RR'),24);
Insert into MYLIBRARY.CARTE (ID_CATEG,ISBN,TITLU,DATA_PUB,PRET) values (5,'978123456789712349','World in the Flames',to_date('07-JUN-14','DD-MON-RR'),21);
Insert into MYLIBRARY.CARTE (ID_CATEG,ISBN,TITLU,DATA_PUB,PRET) values (6,'978123456789712350','The Edge of the Lights',to_date('15-FEB-11','DD-MON-RR'),43);
Insert into MYLIBRARY.CARTE (ID_CATEG,ISBN,TITLU,DATA_PUB,PRET) values (7,'978123456789712351','The Window''s Abyss',to_date('10-JUL-07','DD-MON-RR'),9);
Insert into MYLIBRARY.CARTE (ID_CATEG,ISBN,TITLU,DATA_PUB,PRET) values (8,'978123456789712352','The Lost World',to_date('15-JAN-04','DD-MON-RR'),16);
Insert into MYLIBRARY.CARTE (ID_CATEG,ISBN,TITLU,DATA_PUB,PRET) values (9,'978123456789712353','Green Shard',to_date('15-NOV-11','DD-MON-RR'),13);
Insert into MYLIBRARY.CARTE (ID_CATEG,ISBN,TITLU,DATA_PUB,PRET) values (10,'978123456789712354','The Trembling Year',to_date('16-MAR-06','DD-MON-RR'),24);
Insert into MYLIBRARY.CARTE (ID_CATEG,ISBN,TITLU,DATA_PUB,PRET) values (11,'978123456789712355','Courage of School',to_date('08-APR-18','DD-MON-RR'),35);
Insert into MYLIBRARY.CARTE (ID_CATEG,ISBN,TITLU,DATA_PUB,PRET) values (12,'978123456789712356','The Serpents''s Healing',to_date('11-JAN-16','DD-MON-RR'),52);
Insert into MYLIBRARY.CARTE (ID_CATEG,ISBN,TITLU,DATA_PUB,PRET) values (13,'978123456789712357','The Flames of the Waves',to_date('08-APR-21','DD-MON-RR'),6);
Insert into MYLIBRARY.CARTE (ID_CATEG,ISBN,TITLU,DATA_PUB,PRET) values (14,'978123456789712358','Thoughts in the Star',to_date('13-JAN-17','DD-MON-RR'),23);
Insert into MYLIBRARY.CARTE (ID_CATEG,ISBN,TITLU,DATA_PUB,PRET) values (15,'978123456789712359','The Word of the Flower',to_date('13-SEP-14','DD-MON-RR'),46);
Insert into MYLIBRARY.CARTE (ID_CATEG,ISBN,TITLU,DATA_PUB,PRET) values (16,'978123456789712360','World in the Waves',to_date('08-JAN-17','DD-MON-RR'),23);
Insert into MYLIBRARY.CARTE (ID_CATEG,ISBN,TITLU,DATA_PUB,PRET) values (17,'978123456789712361','The Bound Wind',to_date('09-MAR-18','DD-MON-RR'),63);
Insert into MYLIBRARY.CARTE (ID_CATEG,ISBN,TITLU,DATA_PUB,PRET) values (18,'978123456789712362','Broken Shadow',to_date('09-APR-17','DD-MON-RR'),23);
Insert into MYLIBRARY.CARTE (ID_CATEG,ISBN,TITLU,DATA_PUB,PRET) values (19,'978123456789712363','Hot Illusion',to_date('12-OCT-12','DD-MON-RR'),45);
Insert into MYLIBRARY.CARTE (ID_CATEG,ISBN,TITLU,DATA_PUB,PRET) values (20,'978123456789712364','The Bold Light',to_date('11-NOV-18','DD-MON-RR'),19);
REM INSERTING into MYLIBRARY.CATEGORIE
Insert into MYLIBRARY.CATEGORIE (ID_CATEG,NUME_CATEG) values (1,'Action');
Insert into MYLIBRARY.CATEGORIE (ID_CATEG,NUME_CATEG) values (2,'SF');
Insert into MYLIBRARY.CATEGORIE (ID_CATEG,NUME_CATEG) values (3,'Comics');
Insert into MYLIBRARY.CATEGORIE (ID_CATEG,NUME_CATEG) values (4,'Cooking');
Insert into MYLIBRARY.CATEGORIE (ID_CATEG,NUME_CATEG) values (5,'Medical');
Insert into MYLIBRARY.CATEGORIE (ID_CATEG,NUME_CATEG) values (6,'Travel');
Insert into MYLIBRARY.CATEGORIE (ID_CATEG,NUME_CATEG) values (7,'Romance');
Insert into MYLIBRARY.CATEGORIE (ID_CATEG,NUME_CATEG) values (8,'History');
Insert into MYLIBRARY.CATEGORIE (ID_CATEG,NUME_CATEG) values (9,'Health');
Insert into MYLIBRARY.CATEGORIE (ID_CATEG,NUME_CATEG) values (10,'Business');
Insert into MYLIBRARY.CATEGORIE (ID_CATEG,NUME_CATEG) values (11,'Encyclopedia');
Insert into MYLIBRARY.CATEGORIE (ID_CATEG,NUME_CATEG) values (12,'Art');
Insert into MYLIBRARY.CATEGORIE (ID_CATEG,NUME_CATEG) values (13,'Dictionary');
Insert into MYLIBRARY.CATEGORIE (ID_CATEG,NUME_CATEG) values (14,'Math');
Insert into MYLIBRARY.CATEGORIE (ID_CATEG,NUME_CATEG) values (15,'Political thriller');
Insert into MYLIBRARY.CATEGORIE (ID_CATEG,NUME_CATEG) values (16,'Horror');
Insert into MYLIBRARY.CATEGORIE (ID_CATEG,NUME_CATEG) values (17,'Historical fiction');
Insert into MYLIBRARY.CATEGORIE (ID_CATEG,NUME_CATEG) values (18,'Guide');
Insert into MYLIBRARY.CATEGORIE (ID_CATEG,NUME_CATEG) values (19,'Fairytale');
Insert into MYLIBRARY.CATEGORIE (ID_CATEG,NUME_CATEG) values (20,'Autobiography');
REM INSERTING into MYLIBRARY.CLIENT
Insert into MYLIBRARY.CLIENT (NR_LEG,COD_CLIENT,TEL,EMAIL) values ('100410',2003,2482947251,'altemail@jfr.com');
Insert into MYLIBRARY.CLIENT (NR_LEG,COD_CLIENT,TEL,EMAIL) values ('100411',2004,8373528427,'ex2@gmail.com');
Insert into MYLIBRARY.CLIENT (NR_LEG,COD_CLIENT,TEL,EMAIL) values ('100412',2005,6342983424,'ex3@gmail.com');
Insert into MYLIBRARY.CLIENT (NR_LEG,COD_CLIENT,TEL,EMAIL) values ('100413',2006,5678230482,'ex4@gmail.com');
Insert into MYLIBRARY.CLIENT (NR_LEG,COD_CLIENT,TEL,EMAIL) values ('100414',2007,7359235053,'ex5@gmail.com');
Insert into MYLIBRARY.CLIENT (NR_LEG,COD_CLIENT,TEL,EMAIL) values ('100415',2008,5326347342,'bifegero@2mailnext.com');
Insert into MYLIBRARY.CLIENT (NR_LEG,COD_CLIENT,TEL,EMAIL) values ('100416',2009,6353464352,'huzkij@verifymail.win');
Insert into MYLIBRARY.CLIENT (NR_LEG,COD_CLIENT,TEL,EMAIL) values ('100417',2010,6352524676,'pavel.kaileb@plutocow.com');
Insert into MYLIBRARY.CLIENT (NR_LEG,COD_CLIENT,TEL,EMAIL) values ('100418',2011,6345435633,'kalmegirta@ezehe.com');
Insert into MYLIBRARY.CLIENT (NR_LEG,COD_CLIENT,TEL,EMAIL) values ('100419',2012,2432643275,'lirtugokko@ezehe.com');
Insert into MYLIBRARY.CLIENT (NR_LEG,COD_CLIENT,TEL,EMAIL) values ('100430',2013,4225254534,'jolmahespe@ezehe.com');
Insert into MYLIBRARY.CLIENT (NR_LEG,COD_CLIENT,TEL,EMAIL) values ('100431',2014,6542644252,'cuydimerdi@ezehe.com');
Insert into MYLIBRARY.CLIENT (NR_LEG,COD_CLIENT,TEL,EMAIL) values ('100432',2015,6342325643,'fumlijiydu@ezehe.com');
Insert into MYLIBRARY.CLIENT (NR_LEG,COD_CLIENT,TEL,EMAIL) values ('100433',2016,7834755442,'caltovirko@ezehe.com');
Insert into MYLIBRARY.CLIENT (NR_LEG,COD_CLIENT,TEL,EMAIL) values ('100434',2017,6793467368,'butramerta@ezehe.com');
Insert into MYLIBRARY.CLIENT (NR_LEG,COD_CLIENT,TEL,EMAIL) values ('100435',2018,7433269065,'yitrugerza@ezehe.com');
Insert into MYLIBRARY.CLIENT (NR_LEG,COD_CLIENT,TEL,EMAIL) values ('100436',2019,3680457805,'jeltipapsi@ezehe.com');
Insert into MYLIBRARY.CLIENT (NR_LEG,COD_CLIENT,TEL,EMAIL) values ('100437',2020,5800432554,'filtegafyu@ezehe.com');
Insert into MYLIBRARY.CLIENT (NR_LEG,COD_CLIENT,TEL,EMAIL) values ('100438',2021,8053467697,'hutreyuspu@ezehe.com');
Insert into MYLIBRARY.CLIENT (NR_LEG,COD_CLIENT,TEL,EMAIL) values ('100439',2022,8545326754,'rolmijorde@ezehe.com');
REM INSERTING into MYLIBRARY.COMANDA
Insert into MYLIBRARY.COMANDA (COD_CLIENT,NR_COMANDA,NR_CARTI,SUMA_TOTALA) values (2003,'32425323',2,9);
Insert into MYLIBRARY.COMANDA (COD_CLIENT,NR_COMANDA,NR_CARTI,SUMA_TOTALA) values (2004,'63433242',4,36);
Insert into MYLIBRARY.COMANDA (COD_CLIENT,NR_COMANDA,NR_CARTI,SUMA_TOTALA) values (2005,'85643235',2,24);
Insert into MYLIBRARY.COMANDA (COD_CLIENT,NR_COMANDA,NR_CARTI,SUMA_TOTALA) values (2006,'74234231',3,53);
Insert into MYLIBRARY.COMANDA (COD_CLIENT,NR_COMANDA,NR_CARTI,SUMA_TOTALA) values (2007,'23543634',1,14);
Insert into MYLIBRARY.COMANDA (COD_CLIENT,NR_COMANDA,NR_CARTI,SUMA_TOTALA) values (2008,'52312634',5,78);
Insert into MYLIBRARY.COMANDA (COD_CLIENT,NR_COMANDA,NR_CARTI,SUMA_TOTALA) values (2009,'53242325',7,32);
Insert into MYLIBRARY.COMANDA (COD_CLIENT,NR_COMANDA,NR_CARTI,SUMA_TOTALA) values (2010,'52342335',3,14);
Insert into MYLIBRARY.COMANDA (COD_CLIENT,NR_COMANDA,NR_CARTI,SUMA_TOTALA) values (2011,'75634234',1,64);
Insert into MYLIBRARY.COMANDA (COD_CLIENT,NR_COMANDA,NR_CARTI,SUMA_TOTALA) values (2012,'53469768',2,16);
Insert into MYLIBRARY.COMANDA (COD_CLIENT,NR_COMANDA,NR_CARTI,SUMA_TOTALA) values (2013,'43523436',6,31);
Insert into MYLIBRARY.COMANDA (COD_CLIENT,NR_COMANDA,NR_CARTI,SUMA_TOTALA) values (2014,'98765439',2,54);
Insert into MYLIBRARY.COMANDA (COD_CLIENT,NR_COMANDA,NR_CARTI,SUMA_TOTALA) values (2015,'54257668',6,52);
Insert into MYLIBRARY.COMANDA (COD_CLIENT,NR_COMANDA,NR_CARTI,SUMA_TOTALA) values (2016,'34347987',7,63);
Insert into MYLIBRARY.COMANDA (COD_CLIENT,NR_COMANDA,NR_CARTI,SUMA_TOTALA) values (2017,'54645799',3,25);
Insert into MYLIBRARY.COMANDA (COD_CLIENT,NR_COMANDA,NR_CARTI,SUMA_TOTALA) values (2018,'32576570',3,63);
Insert into MYLIBRARY.COMANDA (COD_CLIENT,NR_COMANDA,NR_CARTI,SUMA_TOTALA) values (2019,'27697649',2,23);
Insert into MYLIBRARY.COMANDA (COD_CLIENT,NR_COMANDA,NR_CARTI,SUMA_TOTALA) values (2020,'25408959',6,14);
Insert into MYLIBRARY.COMANDA (COD_CLIENT,NR_COMANDA,NR_CARTI,SUMA_TOTALA) values (2021,'36089660',7,17);
Insert into MYLIBRARY.COMANDA (COD_CLIENT,NR_COMANDA,NR_CARTI,SUMA_TOTALA) values (2022,'84342536',8,18);
REM INSERTING into MYLIBRARY.FINALIZARE_COMANDA
Insert into MYLIBRARY.FINALIZARE_COMANDA (ISBN,NR_COMANDA,DATA_ACHIZITIE,TOTAL) values ('978123456789712349',63433242,to_date('07-MAY-16','DD-MON-RR'),43);
Insert into MYLIBRARY.FINALIZARE_COMANDA (ISBN,NR_COMANDA,DATA_ACHIZITIE,TOTAL) values ('978123456789712345',32425323,to_date('11-JAN-19','DD-MON-RR'),34);
Insert into MYLIBRARY.FINALIZARE_COMANDA (ISBN,NR_COMANDA,DATA_ACHIZITIE,TOTAL) values ('978123456789712346',85643235,to_date('08-JAN-19','DD-MON-RR'),41);
Insert into MYLIBRARY.FINALIZARE_COMANDA (ISBN,NR_COMANDA,DATA_ACHIZITIE,TOTAL) values ('978123456789712347',74234231,to_date('09-JAN-19','DD-MON-RR'),53);
Insert into MYLIBRARY.FINALIZARE_COMANDA (ISBN,NR_COMANDA,DATA_ACHIZITIE,TOTAL) values ('978123456789712348',23543634,to_date('10-JAN-19','DD-MON-RR'),23);
Insert into MYLIBRARY.FINALIZARE_COMANDA (ISBN,NR_COMANDA,DATA_ACHIZITIE,TOTAL) values ('978123456789712350',52312634,to_date('09-JAN-19','DD-MON-RR'),53);
Insert into MYLIBRARY.FINALIZARE_COMANDA (ISBN,NR_COMANDA,DATA_ACHIZITIE,TOTAL) values ('978123456789712351',53242325,to_date('08-JAN-19','DD-MON-RR'),23);
Insert into MYLIBRARY.FINALIZARE_COMANDA (ISBN,NR_COMANDA,DATA_ACHIZITIE,TOTAL) values ('978123456789712352',52342335,to_date('07-JAN-19','DD-MON-RR'),52);
Insert into MYLIBRARY.FINALIZARE_COMANDA (ISBN,NR_COMANDA,DATA_ACHIZITIE,TOTAL) values ('978123456789712353',75634234,to_date('11-JAN-19','DD-MON-RR'),32);
Insert into MYLIBRARY.FINALIZARE_COMANDA (ISBN,NR_COMANDA,DATA_ACHIZITIE,TOTAL) values ('978123456789712354',53469768,to_date('10-JAN-19','DD-MON-RR'),42);
Insert into MYLIBRARY.FINALIZARE_COMANDA (ISBN,NR_COMANDA,DATA_ACHIZITIE,TOTAL) values ('978123456789712355',43523436,to_date('11-JAN-19','DD-MON-RR'),12);
Insert into MYLIBRARY.FINALIZARE_COMANDA (ISBN,NR_COMANDA,DATA_ACHIZITIE,TOTAL) values ('978123456789712356',98765439,to_date('07-JAN-19','DD-MON-RR'),32);
Insert into MYLIBRARY.FINALIZARE_COMANDA (ISBN,NR_COMANDA,DATA_ACHIZITIE,TOTAL) values ('978123456789712357',54257668,to_date('03-JAN-19','DD-MON-RR'),42);
Insert into MYLIBRARY.FINALIZARE_COMANDA (ISBN,NR_COMANDA,DATA_ACHIZITIE,TOTAL) values ('978123456789712358',34347987,to_date('11-DEC-18','DD-MON-RR'),102);
Insert into MYLIBRARY.FINALIZARE_COMANDA (ISBN,NR_COMANDA,DATA_ACHIZITIE,TOTAL) values ('978123456789712359',54645799,to_date('13-NOV-18','DD-MON-RR'),12);
Insert into MYLIBRARY.FINALIZARE_COMANDA (ISBN,NR_COMANDA,DATA_ACHIZITIE,TOTAL) values ('978123456789712360',32576570,to_date('11-JAN-19','DD-MON-RR'),43);
Insert into MYLIBRARY.FINALIZARE_COMANDA (ISBN,NR_COMANDA,DATA_ACHIZITIE,TOTAL) values ('978123456789712361',27697649,to_date('08-JAN-19','DD-MON-RR'),23);
Insert into MYLIBRARY.FINALIZARE_COMANDA (ISBN,NR_COMANDA,DATA_ACHIZITIE,TOTAL) values ('978123456789712362',25408959,to_date('09-OCT-18','DD-MON-RR'),12);
Insert into MYLIBRARY.FINALIZARE_COMANDA (ISBN,NR_COMANDA,DATA_ACHIZITIE,TOTAL) values ('978123456789712363',36089660,to_date('08-JAN-17','DD-MON-RR'),32);
Insert into MYLIBRARY.FINALIZARE_COMANDA (ISBN,NR_COMANDA,DATA_ACHIZITIE,TOTAL) values ('978123456789712364',84342536,to_date('09-DEC-18','DD-MON-RR'),75);
REM INSERTING into MYLIBRARY.LIBRARIE
Insert into MYLIBRARY.LIBRARIE (ADRESA_LIB,NUME_LIB) values ('Calea M?n??tur 2, Cluj-Napoca','C?rture?ti');
Insert into MYLIBRARY.LIBRARIE (ADRESA_LIB,NUME_LIB) values ('Calea lui Traian ,nr. 147, bl. D2, Râmnicu Vâlcea','Libr?ria Humanitas');
Insert into MYLIBRARY.LIBRARIE (ADRESA_LIB,NUME_LIB) values ('Strada Universit??ii 1, Cluj-Napoca','Libr?ria Universit??ii');
Insert into MYLIBRARY.LIBRARIE (ADRESA_LIB,NUME_LIB) values ('Bulevardul Eroilor 8, Cluj-Napoca','Bookstory');
Insert into MYLIBRARY.LIBRARIE (ADRESA_LIB,NUME_LIB) values ('Bulevardul 21 Decembrie 1989 22, Cluj-Napoca','Diverta Hubertus');
Insert into MYLIBRARY.LIBRARIE (ADRESA_LIB,NUME_LIB) values ('Pia?a Mare 7, Sibiu','Diverta');
Insert into MYLIBRARY.LIBRARIE (ADRESA_LIB,NUME_LIB) values ('Str. Rebreanu Liviu, 2-4, Bistrita','Libr?ria George Co?buc');
Insert into MYLIBRARY.LIBRARIE (ADRESA_LIB,NUME_LIB) values ('Strada Mitropoliei 30, Sibiu','Erasmus Büchercafe');
Insert into MYLIBRARY.LIBRARIE (ADRESA_LIB,NUME_LIB) values ('Bd. Eroilor, Nr 15, Cluj-Napoca','Libraria Book Corner');
Insert into MYLIBRARY.LIBRARIE (ADRESA_LIB,NUME_LIB) values ('Strada Timotei Popovici 21, Sibiu','Libraria Deisis');
Insert into MYLIBRARY.LIBRARIE (ADRESA_LIB,NUME_LIB) values ('Pia?a Trandafirilor, Târgu Mure?','Libr?ria Kobak');
Insert into MYLIBRARY.LIBRARIE (ADRESA_LIB,NUME_LIB) values ('Strada 22 Decembrie 1989 26, Târgu Mure?','Libr?ria Ion Creang?');
Insert into MYLIBRARY.LIBRARIE (ADRESA_LIB,NUME_LIB) values ('Strada Gib Mih?escu 30, Râmnicu Vâlcea','Inmedio');
Insert into MYLIBRARY.LIBRARIE (ADRESA_LIB,NUME_LIB) values ('Strada Teiului 22, F?g?ra?','Libr?ria Birotex');
Insert into MYLIBRARY.LIBRARIE (ADRESA_LIB,NUME_LIB) values ('Strada Râului nr. 30, Craiova','LIBRARIE.NET SRL');
Insert into MYLIBRARY.LIBRARIE (ADRESA_LIB,NUME_LIB) values ('Calea Bucure?ti 129A, Craiova','Libr?ria Cornul Abunden?ei');
Insert into MYLIBRARY.LIBRARIE (ADRESA_LIB,NUME_LIB) values ('Strada Popa ?apc? 14, Craiova','Libr?ria ?colii');
Insert into MYLIBRARY.LIBRARIE (ADRESA_LIB,NUME_LIB) values ('Strada Lipscani 55, Bucure?ti','Libraria C?rture?ti Carusel');
Insert into MYLIBRARY.LIBRARIE (ADRESA_LIB,NUME_LIB) values ('Bloc M51, Strada Împ?ratul Traian 218, Craiova','Libr?ria Luceaf?rul');
Insert into MYLIBRARY.LIBRARIE (ADRESA_LIB,NUME_LIB) values ('Strada Gr?di?tea Flore?tilor 17, Bucure?ti','Books Express');
REM INSERTING into MYLIBRARY.PERSOANA
Insert into MYLIBRARY.PERSOANA (NR_LEG,CNP,NUME,PRENUME,ADRESA) values ('100400',1920131462100,'Smith','Charles','Seattle, WA 94109');
Insert into MYLIBRARY.PERSOANA (NR_LEG,CNP,NUME,PRENUME,ADRESA) values ('100401',2920131462101,'Constance','Lane','Pekin, IL 61554');
Insert into MYLIBRARY.PERSOANA (NR_LEG,CNP,NUME,PRENUME,ADRESA) values ('100402',2920131462102,'Schwenk','Amelia','Greenfield, MA 01301');
Insert into MYLIBRARY.PERSOANA (NR_LEG,CNP,NUME,PRENUME,ADRESA) values ('100403',1920131462103,'Craig','Thomas','Springfield, MA 01109');
Insert into MYLIBRARY.PERSOANA (NR_LEG,CNP,NUME,PRENUME,ADRESA) values ('100404',1920131462104,'Benson','Joe','Mc Kinney, TX 75069');
Insert into MYLIBRARY.PERSOANA (NR_LEG,CNP,NUME,PRENUME,ADRESA) values ('100405',1920131462105,'Sanders','Brandon','Seymour, IN 47274');
Insert into MYLIBRARY.PERSOANA (NR_LEG,CNP,NUME,PRENUME,ADRESA) values ('100406',1920131462106,'Robinson','Anthony','Salt Lake City, UT 84106');
Insert into MYLIBRARY.PERSOANA (NR_LEG,CNP,NUME,PRENUME,ADRESA) values ('100407',1920131462107,'Leslie','William','Windsor Mill, MD 21244');
Insert into MYLIBRARY.PERSOANA (NR_LEG,CNP,NUME,PRENUME,ADRESA) values ('100408',1920131462108,'Andrews','Lee','Anaheim, CA 92801');
Insert into MYLIBRARY.PERSOANA (NR_LEG,CNP,NUME,PRENUME,ADRESA) values ('100409',2920131462109,'Brown','Marilyn','Seattle, WA 98109');
Insert into MYLIBRARY.PERSOANA (NR_LEG,CNP,NUME,PRENUME,ADRESA) values ('100410',1920131462110,'Sloss','Todd','Seattle, WA 94109');
Insert into MYLIBRARY.PERSOANA (NR_LEG,CNP,NUME,PRENUME,ADRESA) values ('100411',1920131462111,'Lara','Reeder','Baltimore, MD 21201');
Insert into MYLIBRARY.PERSOANA (NR_LEG,CNP,NUME,PRENUME,ADRESA) values ('100412',1920131462112,'Parker','Freddie','Metairie, LA 70001');
Insert into MYLIBRARY.PERSOANA (NR_LEG,CNP,NUME,PRENUME,ADRESA) values ('100413',1920131462113,'Sthilaire','Caridad','Osborne, KS 67473');
Insert into MYLIBRARY.PERSOANA (NR_LEG,CNP,NUME,PRENUME,ADRESA) values ('100414',1920131462114,'Tracy','Rogers','Spokane Valley, WA 99206');
Insert into MYLIBRARY.PERSOANA (NR_LEG,CNP,NUME,PRENUME,ADRESA) values ('100415',1920131462115,'Timothy','Williams','Milwaukee, WI 53207');
Insert into MYLIBRARY.PERSOANA (NR_LEG,CNP,NUME,PRENUME,ADRESA) values ('100416',1920131462116,'Sabb','Paul','Hartford, CT 06103');
Insert into MYLIBRARY.PERSOANA (NR_LEG,CNP,NUME,PRENUME,ADRESA) values ('100417',1920131462117,'Rowell','Billy','Albuquerque, NM 87110');
Insert into MYLIBRARY.PERSOANA (NR_LEG,CNP,NUME,PRENUME,ADRESA) values ('100418',1920131462118,'Deal','Michael','Bernardston, MA 01337');
Insert into MYLIBRARY.PERSOANA (NR_LEG,CNP,NUME,PRENUME,ADRESA) values ('100419',2920131462119,'Wolf','Deborah','Omaha, NE 68102');
Insert into MYLIBRARY.PERSOANA (NR_LEG,CNP,NUME,PRENUME,ADRESA) values ('100420',1920131462120,'Aquino','Jason','New York, NY 10011');
Insert into MYLIBRARY.PERSOANA (NR_LEG,CNP,NUME,PRENUME,ADRESA) values ('100421',2920131462121,'Duvall','Lisa','Fostoria, MI 48435');
Insert into MYLIBRARY.PERSOANA (NR_LEG,CNP,NUME,PRENUME,ADRESA) values ('100422',2920131462122,'Chavez','Nellie','Irvine, CA 92614');
Insert into MYLIBRARY.PERSOANA (NR_LEG,CNP,NUME,PRENUME,ADRESA) values ('100423',1920131462123,'Parkins','Albert ','Camden, SC 29020');
Insert into MYLIBRARY.PERSOANA (NR_LEG,CNP,NUME,PRENUME,ADRESA) values ('100424',1920131462124,'Larson','Blanche ','Fallon, NV 89406');
Insert into MYLIBRARY.PERSOANA (NR_LEG,CNP,NUME,PRENUME,ADRESA) values ('100425',1920131462125,'Crabtree','Luther ','Portland, PA 97205');
Insert into MYLIBRARY.PERSOANA (NR_LEG,CNP,NUME,PRENUME,ADRESA) values ('100426',2920131462126,'Hile','Linda ','Southfield, MI 48075');
Insert into MYLIBRARY.PERSOANA (NR_LEG,CNP,NUME,PRENUME,ADRESA) values ('100427',1920131462127,'Cadwallader','Robin ','Carmel, IN 46032');
Insert into MYLIBRARY.PERSOANA (NR_LEG,CNP,NUME,PRENUME,ADRESA) values ('100428',2920131462128,'Murphy','Emily ','Phoenix, AZ 85034');
Insert into MYLIBRARY.PERSOANA (NR_LEG,CNP,NUME,PRENUME,ADRESA) values ('100429',1920131462129,'Costanzo','Curtis','Fremont, CA 94538');
Insert into MYLIBRARY.PERSOANA (NR_LEG,CNP,NUME,PRENUME,ADRESA) values ('100430',2920131462130,'Gildersleeve','Betty ','Hattiesburg, MS 39402');
Insert into MYLIBRARY.PERSOANA (NR_LEG,CNP,NUME,PRENUME,ADRESA) values ('100431',2920131462131,'Walters','Kim ','Moline, IL 61265');
Insert into MYLIBRARY.PERSOANA (NR_LEG,CNP,NUME,PRENUME,ADRESA) values ('100432',1920131462132,'Coats','Leigh ','Lake Charles, LA 70629');
Insert into MYLIBRARY.PERSOANA (NR_LEG,CNP,NUME,PRENUME,ADRESA) values ('100433',1920131462133,'Wallace','Brittney ','Southfield, MI 48034');
Insert into MYLIBRARY.PERSOANA (NR_LEG,CNP,NUME,PRENUME,ADRESA) values ('100434',2920131462134,'Kyle','Rosa ','Memphis, TN 38118');
Insert into MYLIBRARY.PERSOANA (NR_LEG,CNP,NUME,PRENUME,ADRESA) values ('100435',2920131462135,'Goode','Brittany ','Cuba, IL 61427');
Insert into MYLIBRARY.PERSOANA (NR_LEG,CNP,NUME,PRENUME,ADRESA) values ('100436',2920131462136,'Allie','Maria ','Chalmette, LA 70043');
Insert into MYLIBRARY.PERSOANA (NR_LEG,CNP,NUME,PRENUME,ADRESA) values ('100437',2920131462137,'Smith','Sandra ','Akiak, AK 99552');
Insert into MYLIBRARY.PERSOANA (NR_LEG,CNP,NUME,PRENUME,ADRESA) values ('100438',1920131462138,'Matherne','Terrell ','Yuma, AZ 85364');
Insert into MYLIBRARY.PERSOANA (NR_LEG,CNP,NUME,PRENUME,ADRESA) values ('100439',2920131462139,'Taylor','Julia ','Vista, CA 92083');
REM INSERTING into MYLIBRARY.PUBLICARE_CARTE
Insert into MYLIBRARY.PUBLICARE_CARTE (ISBN,ID_AUTOR) values ('978123456789712349',12);
Insert into MYLIBRARY.PUBLICARE_CARTE (ISBN,ID_AUTOR) values ('978123456789712345',10);
Insert into MYLIBRARY.PUBLICARE_CARTE (ISBN,ID_AUTOR) values ('978123456789712346',11);
Insert into MYLIBRARY.PUBLICARE_CARTE (ISBN,ID_AUTOR) values ('978123456789712347',29);
Insert into MYLIBRARY.PUBLICARE_CARTE (ISBN,ID_AUTOR) values ('978123456789712348',13);
Insert into MYLIBRARY.PUBLICARE_CARTE (ISBN,ID_AUTOR) values ('978123456789712350',14);
Insert into MYLIBRARY.PUBLICARE_CARTE (ISBN,ID_AUTOR) values ('978123456789712351',15);
Insert into MYLIBRARY.PUBLICARE_CARTE (ISBN,ID_AUTOR) values ('978123456789712352',16);
Insert into MYLIBRARY.PUBLICARE_CARTE (ISBN,ID_AUTOR) values ('978123456789712353',17);
Insert into MYLIBRARY.PUBLICARE_CARTE (ISBN,ID_AUTOR) values ('978123456789712354',18);
Insert into MYLIBRARY.PUBLICARE_CARTE (ISBN,ID_AUTOR) values ('978123456789712355',19);
Insert into MYLIBRARY.PUBLICARE_CARTE (ISBN,ID_AUTOR) values ('978123456789712356',20);
Insert into MYLIBRARY.PUBLICARE_CARTE (ISBN,ID_AUTOR) values ('978123456789712357',21);
Insert into MYLIBRARY.PUBLICARE_CARTE (ISBN,ID_AUTOR) values ('978123456789712358',22);
Insert into MYLIBRARY.PUBLICARE_CARTE (ISBN,ID_AUTOR) values ('978123456789712359',23);
Insert into MYLIBRARY.PUBLICARE_CARTE (ISBN,ID_AUTOR) values ('978123456789712360',24);
Insert into MYLIBRARY.PUBLICARE_CARTE (ISBN,ID_AUTOR) values ('978123456789712361',25);
Insert into MYLIBRARY.PUBLICARE_CARTE (ISBN,ID_AUTOR) values ('978123456789712362',26);
Insert into MYLIBRARY.PUBLICARE_CARTE (ISBN,ID_AUTOR) values ('978123456789712363',27);
Insert into MYLIBRARY.PUBLICARE_CARTE (ISBN,ID_AUTOR) values ('978123456789712364',28);
REM INSERTING into MYLIBRARY.STOC
Insert into MYLIBRARY.STOC (ADRESA_LIB,ISBN,STOC,DATA__VERIFICARE) values ('Calea lui Traian ,nr. 147, bl. D2, Râmnicu Vâlcea','978123456789712350',32,to_date('10-JAN-19','DD-MON-RR'));
Insert into MYLIBRARY.STOC (ADRESA_LIB,ISBN,STOC,DATA__VERIFICARE) values ('Calea M?n??tur 2, Cluj-Napoca','978123456789712345',23,to_date('11-JAN-19','DD-MON-RR'));
Insert into MYLIBRARY.STOC (ADRESA_LIB,ISBN,STOC,DATA__VERIFICARE) values ('Bulevardul Eroilor 8, Cluj-Napoca','978123456789712346',53,to_date('11-JAN-19','DD-MON-RR'));
Insert into MYLIBRARY.STOC (ADRESA_LIB,ISBN,STOC,DATA__VERIFICARE) values ('Str. Rebreanu Liviu, 2-4, Bistrita','978123456789712347',23,to_date('09-JAN-19','DD-MON-RR'));
Insert into MYLIBRARY.STOC (ADRESA_LIB,ISBN,STOC,DATA__VERIFICARE) values ('Pia?a Trandafirilor, Târgu Mure?','978123456789712348',54,to_date('10-JAN-19','DD-MON-RR'));
Insert into MYLIBRARY.STOC (ADRESA_LIB,ISBN,STOC,DATA__VERIFICARE) values ('Strada 22 Decembrie 1989 26, Târgu Mure?','978123456789712349',23,to_date('08-JAN-19','DD-MON-RR'));
Insert into MYLIBRARY.STOC (ADRESA_LIB,ISBN,STOC,DATA__VERIFICARE) values ('Strada Teiului 22, F?g?ra?','978123456789712351',45,to_date('08-JAN-19','DD-MON-RR'));
Insert into MYLIBRARY.STOC (ADRESA_LIB,ISBN,STOC,DATA__VERIFICARE) values ('Strada Râului nr. 30, Craiova','978123456789712352',32,to_date('11-JAN-19','DD-MON-RR'));
Insert into MYLIBRARY.STOC (ADRESA_LIB,ISBN,STOC,DATA__VERIFICARE) values ('Pia?a Mare 7, Sibiu','978123456789712353',54,to_date('06-JAN-19','DD-MON-RR'));
Insert into MYLIBRARY.STOC (ADRESA_LIB,ISBN,STOC,DATA__VERIFICARE) values ('Calea lui Traian ,nr. 147, bl. D2, Râmnicu Vâlcea','978123456789712354',23,to_date('09-JAN-19','DD-MON-RR'));
Insert into MYLIBRARY.STOC (ADRESA_LIB,ISBN,STOC,DATA__VERIFICARE) values ('Calea M?n??tur 2, Cluj-Napoca','978123456789712355',45,to_date('11-JAN-19','DD-MON-RR'));
Insert into MYLIBRARY.STOC (ADRESA_LIB,ISBN,STOC,DATA__VERIFICARE) values ('Strada Universit??ii 1, Cluj-Napoca','978123456789712356',12,to_date('11-JAN-19','DD-MON-RR'));
Insert into MYLIBRARY.STOC (ADRESA_LIB,ISBN,STOC,DATA__VERIFICARE) values ('Bulevardul Eroilor 8, Cluj-Napoca','978123456789712357',14,to_date('09-JAN-19','DD-MON-RR'));
Insert into MYLIBRARY.STOC (ADRESA_LIB,ISBN,STOC,DATA__VERIFICARE) values ('Strada Râului nr. 30, Craiova','978123456789712358',23,to_date('11-JAN-19','DD-MON-RR'));
Insert into MYLIBRARY.STOC (ADRESA_LIB,ISBN,STOC,DATA__VERIFICARE) values ('Strada Teiului 22, F?g?ra?','978123456789712359',41,to_date('11-DEC-18','DD-MON-RR'));
Insert into MYLIBRARY.STOC (ADRESA_LIB,ISBN,STOC,DATA__VERIFICARE) values ('Strada Gib Mih?escu 30, Râmnicu Vâlcea','978123456789712360',51,to_date('13-DEC-18','DD-MON-RR'));
Insert into MYLIBRARY.STOC (ADRESA_LIB,ISBN,STOC,DATA__VERIFICARE) values ('Strada 22 Decembrie 1989 26, Târgu Mure?','978123456789712361',16,to_date('07-JAN-19','DD-MON-RR'));
Insert into MYLIBRARY.STOC (ADRESA_LIB,ISBN,STOC,DATA__VERIFICARE) values ('Pia?a Trandafirilor, Târgu Mure?','978123456789712362',18,to_date('05-JAN-19','DD-MON-RR'));
Insert into MYLIBRARY.STOC (ADRESA_LIB,ISBN,STOC,DATA__VERIFICARE) values ('Strada Timotei Popovici 21, Sibiu','978123456789712363',13,to_date('11-DEC-18','DD-MON-RR'));
Insert into MYLIBRARY.STOC (ADRESA_LIB,ISBN,STOC,DATA__VERIFICARE) values ('Bd. Eroilor, Nr 15, Cluj-Napoca','978123456789712364',11,to_date('11-JAN-19','DD-MON-RR'));
--------------------------------------------------------
--  DDL for Index AUTOR_PK
--------------------------------------------------------

  CREATE UNIQUE INDEX "MYLIBRARY"."AUTOR_PK" ON "MYLIBRARY"."AUTOR" ("ID_AUTOR") 
  PCTFREE 10 INITRANS 2 MAXTRANS 255 COMPUTE STATISTICS 
  STORAGE(INITIAL 65536 NEXT 1048576 MINEXTENTS 1 MAXEXTENTS 2147483645
  PCTINCREASE 0 FREELISTS 1 FREELIST GROUPS 1 BUFFER_POOL DEFAULT FLASH_CACHE DEFAULT CELL_FLASH_CACHE DEFAULT)
  TABLESPACE "USERS" ;
--------------------------------------------------------
--  DDL for Index CARTE1_PK
--------------------------------------------------------

  CREATE UNIQUE INDEX "MYLIBRARY"."CARTE1_PK" ON "MYLIBRARY"."CARTE" ("ISBN") 
  PCTFREE 10 INITRANS 2 MAXTRANS 255 COMPUTE STATISTICS 
  STORAGE(INITIAL 65536 NEXT 1048576 MINEXTENTS 1 MAXEXTENTS 2147483645
  PCTINCREASE 0 FREELISTS 1 FREELIST GROUPS 1 BUFFER_POOL DEFAULT FLASH_CACHE DEFAULT CELL_FLASH_CACHE DEFAULT)
  TABLESPACE "USERS" ;
--------------------------------------------------------
--  DDL for Index CATEGORIE_CARTE
--------------------------------------------------------

  CREATE INDEX "MYLIBRARY"."CATEGORIE_CARTE" ON "MYLIBRARY"."CARTE" ("TITLU", "PRET") 
  PCTFREE 10 INITRANS 2 MAXTRANS 255 COMPUTE STATISTICS 
  STORAGE(INITIAL 65536 NEXT 1048576 MINEXTENTS 1 MAXEXTENTS 2147483645
  PCTINCREASE 0 FREELISTS 1 FREELIST GROUPS 1 BUFFER_POOL DEFAULT FLASH_CACHE DEFAULT CELL_FLASH_CACHE DEFAULT)
  TABLESPACE "USERS" ;
--------------------------------------------------------
--  DDL for Index CATEGORIE_PK
--------------------------------------------------------

  CREATE UNIQUE INDEX "MYLIBRARY"."CATEGORIE_PK" ON "MYLIBRARY"."CATEGORIE" ("ID_CATEG") 
  PCTFREE 10 INITRANS 2 MAXTRANS 255 COMPUTE STATISTICS 
  STORAGE(INITIAL 65536 NEXT 1048576 MINEXTENTS 1 MAXEXTENTS 2147483645
  PCTINCREASE 0 FREELISTS 1 FREELIST GROUPS 1 BUFFER_POOL DEFAULT FLASH_CACHE DEFAULT CELL_FLASH_CACHE DEFAULT)
  TABLESPACE "USERS" ;
--------------------------------------------------------
--  DDL for Index CLIENT_PK
--------------------------------------------------------

  CREATE UNIQUE INDEX "MYLIBRARY"."CLIENT_PK" ON "MYLIBRARY"."CLIENT" ("COD_CLIENT") 
  PCTFREE 10 INITRANS 2 MAXTRANS 255 COMPUTE STATISTICS 
  STORAGE(INITIAL 65536 NEXT 1048576 MINEXTENTS 1 MAXEXTENTS 2147483645
  PCTINCREASE 0 FREELISTS 1 FREELIST GROUPS 1 BUFFER_POOL DEFAULT FLASH_CACHE DEFAULT CELL_FLASH_CACHE DEFAULT)
  TABLESPACE "USERS" ;
--------------------------------------------------------
--  DDL for Index COMANDA_PK
--------------------------------------------------------

  CREATE UNIQUE INDEX "MYLIBRARY"."COMANDA_PK" ON "MYLIBRARY"."COMANDA" ("NR_COMANDA") 
  PCTFREE 10 INITRANS 2 MAXTRANS 255 COMPUTE STATISTICS 
  STORAGE(INITIAL 65536 NEXT 1048576 MINEXTENTS 1 MAXEXTENTS 2147483645
  PCTINCREASE 0 FREELISTS 1 FREELIST GROUPS 1 BUFFER_POOL DEFAULT FLASH_CACHE DEFAULT CELL_FLASH_CACHE DEFAULT)
  TABLESPACE "USERS" ;
--------------------------------------------------------
--  DDL for Index LIBRARIE_PK
--------------------------------------------------------

  CREATE UNIQUE INDEX "MYLIBRARY"."LIBRARIE_PK" ON "MYLIBRARY"."LIBRARIE" ("ADRESA_LIB") 
  PCTFREE 10 INITRANS 2 MAXTRANS 255 COMPUTE STATISTICS 
  STORAGE(INITIAL 65536 NEXT 1048576 MINEXTENTS 1 MAXEXTENTS 2147483645
  PCTINCREASE 0 FREELISTS 1 FREELIST GROUPS 1 BUFFER_POOL DEFAULT FLASH_CACHE DEFAULT CELL_FLASH_CACHE DEFAULT)
  TABLESPACE "USERS" ;
--------------------------------------------------------
--  DDL for Index PERSOANA_UK1
--------------------------------------------------------

  CREATE UNIQUE INDEX "MYLIBRARY"."PERSOANA_UK1" ON "MYLIBRARY"."PERSOANA" ("CNP") 
  PCTFREE 10 INITRANS 2 MAXTRANS 255 COMPUTE STATISTICS 
  STORAGE(INITIAL 65536 NEXT 1048576 MINEXTENTS 1 MAXEXTENTS 2147483645
  PCTINCREASE 0 FREELISTS 1 FREELIST GROUPS 1 BUFFER_POOL DEFAULT FLASH_CACHE DEFAULT CELL_FLASH_CACHE DEFAULT)
  TABLESPACE "USERS" ;
--------------------------------------------------------
--  DDL for Index PERSOANA_PK
--------------------------------------------------------

  CREATE UNIQUE INDEX "MYLIBRARY"."PERSOANA_PK" ON "MYLIBRARY"."PERSOANA" ("NR_LEG") 
  PCTFREE 10 INITRANS 2 MAXTRANS 255 COMPUTE STATISTICS 
  STORAGE(INITIAL 65536 NEXT 1048576 MINEXTENTS 1 MAXEXTENTS 2147483645
  PCTINCREASE 0 FREELISTS 1 FREELIST GROUPS 1 BUFFER_POOL DEFAULT FLASH_CACHE DEFAULT CELL_FLASH_CACHE DEFAULT)
  TABLESPACE "USERS" ;
--------------------------------------------------------
--  DDL for Index DETALII_STOC
--------------------------------------------------------

  CREATE INDEX "MYLIBRARY"."DETALII_STOC" ON "MYLIBRARY"."STOC" ("ISBN", "STOC") 
  PCTFREE 10 INITRANS 2 MAXTRANS 255 COMPUTE STATISTICS 
  STORAGE(INITIAL 65536 NEXT 1048576 MINEXTENTS 1 MAXEXTENTS 2147483645
  PCTINCREASE 0 FREELISTS 1 FREELIST GROUPS 1 BUFFER_POOL DEFAULT FLASH_CACHE DEFAULT CELL_FLASH_CACHE DEFAULT)
  TABLESPACE "USERS" ;
--------------------------------------------------------
--  DDL for Index INDEX_STOC
--------------------------------------------------------

  CREATE INDEX "MYLIBRARY"."INDEX_STOC" ON "MYLIBRARY"."STOC" ("STOC", "DATA__VERIFICARE") 
  PCTFREE 10 INITRANS 2 MAXTRANS 255 COMPUTE STATISTICS 
  STORAGE(INITIAL 65536 NEXT 1048576 MINEXTENTS 1 MAXEXTENTS 2147483645
  PCTINCREASE 0 FREELISTS 1 FREELIST GROUPS 1 BUFFER_POOL DEFAULT FLASH_CACHE DEFAULT CELL_FLASH_CACHE DEFAULT)
  TABLESPACE "USERS" ;
--------------------------------------------------------
--  Constraints for Table AUTOR
--------------------------------------------------------

  ALTER TABLE "MYLIBRARY"."AUTOR" ADD CONSTRAINT "AUTOR_PK" PRIMARY KEY ("ID_AUTOR")
  USING INDEX PCTFREE 10 INITRANS 2 MAXTRANS 255 COMPUTE STATISTICS 
  STORAGE(INITIAL 65536 NEXT 1048576 MINEXTENTS 1 MAXEXTENTS 2147483645
  PCTINCREASE 0 FREELISTS 1 FREELIST GROUPS 1 BUFFER_POOL DEFAULT FLASH_CACHE DEFAULT CELL_FLASH_CACHE DEFAULT)
  TABLESPACE "USERS"  ENABLE;
  ALTER TABLE "MYLIBRARY"."AUTOR" MODIFY ("NR_LEG" NOT NULL ENABLE);
--------------------------------------------------------
--  Constraints for Table CARTE
--------------------------------------------------------

  ALTER TABLE "MYLIBRARY"."CARTE" ADD CONSTRAINT "CARTE1_PK" PRIMARY KEY ("ISBN")
  USING INDEX PCTFREE 10 INITRANS 2 MAXTRANS 255 COMPUTE STATISTICS 
  STORAGE(INITIAL 65536 NEXT 1048576 MINEXTENTS 1 MAXEXTENTS 2147483645
  PCTINCREASE 0 FREELISTS 1 FREELIST GROUPS 1 BUFFER_POOL DEFAULT FLASH_CACHE DEFAULT CELL_FLASH_CACHE DEFAULT)
  TABLESPACE "USERS"  ENABLE;
--------------------------------------------------------
--  Constraints for Table CATEGORIE
--------------------------------------------------------

  ALTER TABLE "MYLIBRARY"."CATEGORIE" ADD CONSTRAINT "CATEGORIE_PK" PRIMARY KEY ("ID_CATEG")
  USING INDEX PCTFREE 10 INITRANS 2 MAXTRANS 255 COMPUTE STATISTICS 
  STORAGE(INITIAL 65536 NEXT 1048576 MINEXTENTS 1 MAXEXTENTS 2147483645
  PCTINCREASE 0 FREELISTS 1 FREELIST GROUPS 1 BUFFER_POOL DEFAULT FLASH_CACHE DEFAULT CELL_FLASH_CACHE DEFAULT)
  TABLESPACE "USERS"  ENABLE;
  ALTER TABLE "MYLIBRARY"."CATEGORIE" MODIFY ("ID_CATEG" NOT NULL ENABLE);
--------------------------------------------------------
--  Constraints for Table CLIENT
--------------------------------------------------------

  ALTER TABLE "MYLIBRARY"."CLIENT" ADD CONSTRAINT "CLIENT_PK" PRIMARY KEY ("COD_CLIENT")
  USING INDEX PCTFREE 10 INITRANS 2 MAXTRANS 255 COMPUTE STATISTICS 
  STORAGE(INITIAL 65536 NEXT 1048576 MINEXTENTS 1 MAXEXTENTS 2147483645
  PCTINCREASE 0 FREELISTS 1 FREELIST GROUPS 1 BUFFER_POOL DEFAULT FLASH_CACHE DEFAULT CELL_FLASH_CACHE DEFAULT)
  TABLESPACE "USERS"  ENABLE;
  ALTER TABLE "MYLIBRARY"."CLIENT" MODIFY ("NR_LEG" NOT NULL ENABLE);
--------------------------------------------------------
--  Constraints for Table COMANDA
--------------------------------------------------------

  ALTER TABLE "MYLIBRARY"."COMANDA" ADD CONSTRAINT "COMANDA_PK" PRIMARY KEY ("NR_COMANDA")
  USING INDEX PCTFREE 10 INITRANS 2 MAXTRANS 255 COMPUTE STATISTICS 
  STORAGE(INITIAL 65536 NEXT 1048576 MINEXTENTS 1 MAXEXTENTS 2147483645
  PCTINCREASE 0 FREELISTS 1 FREELIST GROUPS 1 BUFFER_POOL DEFAULT FLASH_CACHE DEFAULT CELL_FLASH_CACHE DEFAULT)
  TABLESPACE "USERS"  ENABLE;
--------------------------------------------------------
--  Constraints for Table LIBRARIE
--------------------------------------------------------

  ALTER TABLE "MYLIBRARY"."LIBRARIE" ADD CONSTRAINT "LIBRARIE_PK" PRIMARY KEY ("ADRESA_LIB")
  USING INDEX PCTFREE 10 INITRANS 2 MAXTRANS 255 COMPUTE STATISTICS 
  STORAGE(INITIAL 65536 NEXT 1048576 MINEXTENTS 1 MAXEXTENTS 2147483645
  PCTINCREASE 0 FREELISTS 1 FREELIST GROUPS 1 BUFFER_POOL DEFAULT FLASH_CACHE DEFAULT CELL_FLASH_CACHE DEFAULT)
  TABLESPACE "USERS"  ENABLE;
  ALTER TABLE "MYLIBRARY"."LIBRARIE" MODIFY ("NUME_LIB" NOT NULL ENABLE);
  ALTER TABLE "MYLIBRARY"."LIBRARIE" MODIFY ("ADRESA_LIB" NOT NULL ENABLE);
--------------------------------------------------------
--  Constraints for Table PERSOANA
--------------------------------------------------------

  ALTER TABLE "MYLIBRARY"."PERSOANA" ADD CONSTRAINT "PERSOANA_UK1" UNIQUE ("CNP")
  USING INDEX PCTFREE 10 INITRANS 2 MAXTRANS 255 COMPUTE STATISTICS 
  STORAGE(INITIAL 65536 NEXT 1048576 MINEXTENTS 1 MAXEXTENTS 2147483645
  PCTINCREASE 0 FREELISTS 1 FREELIST GROUPS 1 BUFFER_POOL DEFAULT FLASH_CACHE DEFAULT CELL_FLASH_CACHE DEFAULT)
  TABLESPACE "USERS"  ENABLE;
  ALTER TABLE "MYLIBRARY"."PERSOANA" ADD CONSTRAINT "PERSOANA_PK" PRIMARY KEY ("NR_LEG")
  USING INDEX PCTFREE 10 INITRANS 2 MAXTRANS 255 COMPUTE STATISTICS 
  STORAGE(INITIAL 65536 NEXT 1048576 MINEXTENTS 1 MAXEXTENTS 2147483645
  PCTINCREASE 0 FREELISTS 1 FREELIST GROUPS 1 BUFFER_POOL DEFAULT FLASH_CACHE DEFAULT CELL_FLASH_CACHE DEFAULT)
  TABLESPACE "USERS"  ENABLE;
  ALTER TABLE "MYLIBRARY"."PERSOANA" MODIFY ("CNP" NOT NULL ENABLE);
  ALTER TABLE "MYLIBRARY"."PERSOANA" MODIFY ("NR_LEG" NOT NULL ENABLE);
--------------------------------------------------------
--  Constraints for Table PUBLICARE_CARTE
--------------------------------------------------------

  ALTER TABLE "MYLIBRARY"."PUBLICARE_CARTE" MODIFY ("ISBN" NOT NULL ENABLE);
--------------------------------------------------------
--  Ref Constraints for Table AUTOR
--------------------------------------------------------

  ALTER TABLE "MYLIBRARY"."AUTOR" ADD CONSTRAINT "AUTOR_FK" FOREIGN KEY ("NR_LEG")
	  REFERENCES "MYLIBRARY"."PERSOANA" ("NR_LEG") ON DELETE CASCADE ENABLE;
--------------------------------------------------------
--  Ref Constraints for Table CARTE
--------------------------------------------------------

  ALTER TABLE "MYLIBRARY"."CARTE" ADD CONSTRAINT "CARTE_FK" FOREIGN KEY ("ID_CATEG")
	  REFERENCES "MYLIBRARY"."CATEGORIE" ("ID_CATEG") ON DELETE CASCADE ENABLE;
--------------------------------------------------------
--  Ref Constraints for Table CLIENT
--------------------------------------------------------

  ALTER TABLE "MYLIBRARY"."CLIENT" ADD CONSTRAINT "CLIENT_FK" FOREIGN KEY ("NR_LEG")
	  REFERENCES "MYLIBRARY"."PERSOANA" ("NR_LEG") ON DELETE CASCADE ENABLE;
--------------------------------------------------------
--  Ref Constraints for Table COMANDA
--------------------------------------------------------

  ALTER TABLE "MYLIBRARY"."COMANDA" ADD CONSTRAINT "COMANDA_FK" FOREIGN KEY ("COD_CLIENT")
	  REFERENCES "MYLIBRARY"."CLIENT" ("COD_CLIENT") ON DELETE CASCADE ENABLE;
--------------------------------------------------------
--  Ref Constraints for Table FINALIZARE_COMANDA
--------------------------------------------------------

  ALTER TABLE "MYLIBRARY"."FINALIZARE_COMANDA" ADD CONSTRAINT "FINALIZARE_COMANDA_FK2" FOREIGN KEY ("ISBN")
	  REFERENCES "MYLIBRARY"."CARTE" ("ISBN") ON DELETE CASCADE ENABLE;
--------------------------------------------------------
--  Ref Constraints for Table PUBLICARE_CARTE
--------------------------------------------------------

  ALTER TABLE "MYLIBRARY"."PUBLICARE_CARTE" ADD CONSTRAINT "PUBLICARE_CARTE_FK" FOREIGN KEY ("ISBN")
	  REFERENCES "MYLIBRARY"."CARTE" ("ISBN") ON DELETE CASCADE ENABLE;
  ALTER TABLE "MYLIBRARY"."PUBLICARE_CARTE" ADD CONSTRAINT "PUBLICARE_CARTE_FK2" FOREIGN KEY ("ID_AUTOR")
	  REFERENCES "MYLIBRARY"."AUTOR" ("ID_AUTOR") ON DELETE CASCADE ENABLE;
--------------------------------------------------------
--  Ref Constraints for Table STOC
--------------------------------------------------------

  ALTER TABLE "MYLIBRARY"."STOC" ADD CONSTRAINT "STOC_FK" FOREIGN KEY ("ADRESA_LIB")
	  REFERENCES "MYLIBRARY"."LIBRARIE" ("ADRESA_LIB") ON DELETE CASCADE ENABLE;
  ALTER TABLE "MYLIBRARY"."STOC" ADD CONSTRAINT "STOC_FK2" FOREIGN KEY ("ISBN")
	  REFERENCES "MYLIBRARY"."CARTE" ("ISBN") ON DELETE CASCADE ENABLE;
--------------------------------------------------------
--  DDL for Trigger VALIDATE_BOOK
--------------------------------------------------------

  CREATE OR REPLACE TRIGGER "MYLIBRARY"."VALIDATE_BOOK" 
before insert or update on carte
for each row
begin
  
  IF :new.pret <= 0 THEN
    raise_application_error(-20001, 
                            'Pret invalid: ' || :new.pret);
  END IF;


  IF :new.id_categ <1 OR :new.id_categ >20  THEN
    raise_application_error(-20001, 
                            'Nu exista aceasta categorie: ' || :new.id_categ);
  END IF;


  IF :new.titlu IS NULL THEN
    raise_application_error(-20001, 
                            'Titlu invalid: ' || :new.id_categ);
  END IF;

  
end;
/
ALTER TRIGGER "MYLIBRARY"."VALIDATE_BOOK" ENABLE;
